id; geom; area; title; pubdate; updatedate; closedate; linqmap_uuid; linqmap_type; linqmap_speed; linqmap_length; linqmap_delay; linqmap_street; linqmap_city; linqmap_country; linqmap_roadtype; linqmap_level; linqmap_turntype; linqmap_blockingalertuuid; linqmap_endnode; linqmap_startnode
1476085; LINESTRING(5.38844 52.147545,5.388262 52.147792,5.388061 52.148037,5.387884 52.148195); 53; jam; 20170611074726; NULL; 20170611095921; 739493876; NONE; 0; 82; -1; Arnhemseweg; Amersfoort; NL; 1; 5; NONE; a2b2cc1f-4ee9-3e20-bfaf-5398dfee4e84; ;
1476090; LINESTRING(5.38844 52.147545,5.388666 52.147105); 53; jam; 20170611074902; NULL; 20170611095425; 737146751; NONE; 0; 51; -1; Arnhemseweg; Amersfoort; NL; 1; 5; NONE; ff4375aa-0436-3bb3-844e-b72be4b54e27; ;
1476092; LINESTRING(5.388666 52.147105,5.38844 52.147545); 53; jam; 20170611074903; NULL; 20170611095425; 741163785; NONE; 0; 51; -1; Arnhemseweg; Amersfoort; NL; 1; 5; NONE; 7eed839a-20e4-353e-afc3-672ff1a1e4c5; ;
1476093; LINESTRING(5.387884 52.148195,5.388061 52.148037,5.388262 52.147792,5.38844 52.147545); 53; jam; 20170611074903; NULL; 20170611095425; 737148751; NONE; 0; 82; -1; Arnhemseweg; Amersfoort; NL; 1; 5; NONE; 1de1236f-87d4-3597-b52c-7b3306417eb6; ;
1477456; LINESTRING(5.38844 52.147545,5.388666 52.147105); 53; jam; 20170611075308; NULL; 20170611105421; 740242706; NONE; 0; 51; -1; Arnhemseweg; Amersfoort; NL; 1; 5; NONE; ff4375aa-0436-3bb3-844e-b72be4b54e27; ;
1477458; LINESTRING(5.388666 52.147105,5.38844 52.147545); 53; jam; 20170611075311; NULL; 20170614074924; 740892212; NONE; 0; 51; -1; Arnhemseweg; Amersfoort; NL; 1; 5; NONE; 7eed839a-20e4-353e-afc3-672ff1a1e4c5; ;
1482599; LINESTRING(5.38844 52.147545,5.388666 52.147105); 53; jam; 20170611094827; NULL; 20170614074924; 745292812; NONE; 0; 51; -1; Arnhemseweg; Amersfoort; NL; 1; 5; NONE; 944577ed-7179-3795-8d4b-3bc24bb6de0a; ;
1515662; LINESTRING(5.388666 52.147105,5.38844 52.147545); 53; jam; 20170611075311; NULL; 20170614074924; 740892212; NONE; 0; 51; -1; Arnhemseweg; Amersfoort; NL; 1; 5; NONE; 39c53ea6-6ffa-3fdf-a27a-0b03f3a1eb7f; ;
1515663; LINESTRING(5.387884 52.148195,5.388061 52.148037,5.388262 52.147792,5.38844 52.147545); 53; jam; 20170611095006; NULL; 20170614074924; 743858017; NONE; 0; 82; -1; Arnhemseweg; Amersfoort; NL; 1; 5; NONE; e5ad9f93-716d-3a1f-8456-a71679b13686; ;
1516761; LINESTRING(5.38844 52.147545,5.388666 52.147105); 53; jam; 20170611094827; NULL; 20170614074924; 745292812; NONE; 0; 51; -1; Arnhemseweg; Amersfoort; NL; 1; 5; NONE; 944577ed-7179-3795-8d4b-3bc24bb6de0a; ;
1516762; LINESTRING(5.38844 52.147545,5.388262 52.147792,5.388061 52.148037,5.387884 52.148195); 53; jam; 20170611083431; NULL; 20170614074924; 743409484; NONE; 0; 82; -1; Arnhemseweg; Amersfoort; NL; 1; 5; NONE; c72cafff-d894-3c68-b0a2-1203c7c4754c; ;
1477465; LINESTRING(5.387884 52.148195,5.388061 52.148037,5.388262 52.147792,5.38844 52.147545); 53; jam; 20170611075311; NULL; 20170611105421; 741393664; NONE; 0; 82; -1; Arnhemseweg; Amersfoort; NL; 1; 5; NONE; 1de1236f-87d4-3597-b52c-7b3306417eb6; ;
1477469; LINESTRING(5.387884 52.148195,5.38698 52.148641); 53; jam; 20170611075312; NULL; 20170611105421; 740899972; NONE; 0; 79; -1; Arnhemseweg; Amersfoort; NL; 1; 5; NONE; 6be24864-206a-3e3d-9d0c-41cc6f4a4936; ;
1478103; LINESTRING(5.38844 52.147545,5.388262 52.147792,5.388061 52.148037,5.387884 52.148195); 53; jam; 20170611083431; NULL; 20170614074924; 743409484; NONE; 0; 82; -1; Arnhemseweg; Amersfoort; NL; 1; 5; NONE; c72cafff-d894-3c68-b0a2-1203c7c4754c; ;
1478105; LINESTRING(5.38698 52.148641,5.387884 52.148195); 53; jam; 20170611083436; NULL; 20170614074924; 741363247; NONE; 0; 79; -1; Arnhemseweg; Amersfoort; NL; 1; 5; NONE; 6ad36797-edbd-314b-8ff0-fc62505b1e1b; ;
1483744; LINESTRING(5.387884 52.148195,5.388061 52.148037,5.388262 52.147792,5.38844 52.147545); 53; jam; 20170611095006; NULL; 20170614074924; 743858017; NONE; 0; 82; -1; Arnhemseweg; Amersfoort; NL; 1; 5; NONE; e5ad9f93-716d-3a1f-8456-a71679b13686; ;
1483745; LINESTRING(5.387884 52.148195,5.38698 52.148641); 53; jam; 20170611095019; NULL; 20170614074924; 745965784; NONE; 0; 79; -1; Arnhemseweg; Amersfoort; NL; 1; 5; NONE; 5a54f51f-0bbd-3275-ab22-635484debd31; ;
1476099; LINESTRING(5.38698 52.148641,5.387884 52.148195); 53; jam; 20170611074906; NULL; 20170611095425; 740083868; NONE; 0; 79; -1; Arnhemseweg; Amersfoort; NL; 1; 5; NONE; 11f2d5fd-5bea-3e07-b428-cc84c0906103; ;
1476101; LINESTRING(5.387884 52.148195,5.38698 52.148641); 53; jam; 20170611074906; NULL; 20170611095425; 739888466; NONE; 0; 79; -1; Arnhemseweg; Amersfoort; NL; 1; 5; NONE; 6be24864-206a-3e3d-9d0c-41cc6f4a4936; Ruijsdaalstraat;
1516765; LINESTRING(5.387884 52.148195,5.38698 52.148641); 53; jam; 20170611095019; NULL; 20170614074924; 745965784; NONE; 0; 79; -1; Arnhemseweg; Amersfoort; NL; 1; 5; NONE; 5a54f51f-0bbd-3275-ab22-635484debd31; ;
1516767; LINESTRING(5.38698 52.148641,5.387884 52.148195); 53; jam; 20170611083436; NULL; 20170614074924; 741363247; NONE; 0; 79; -1; Arnhemseweg; Amersfoort; NL; 1; 5; NONE; 6ad36797-edbd-314b-8ff0-fc62505b1e1b; ;
1476096; LINESTRING(5.385688 52.149508,5.385906 52.149294,5.386062 52.149176); 53; jam; 20170611074906; NULL; 20170611095425; 737160441; NONE; 0; 45; -1; Arnhemseweg; Amersfoort; NL; 1; 5; NONE; 4a05dad1-3eab-303b-9b69-4e553ae32ea6; ;
1476097; LINESTRING(5.386062 52.149176,5.385906 52.149294,5.385688 52.149508); 53; jam; 20170611074906; NULL; 20170611095425; 740083368; NONE; 0; 45; -1; Arnhemseweg; Amersfoort; NL; 1; 5; NONE; cf660be1-8fa6-371d-b049-0f377acfe3cc; Bisschopsweg;
1476098; LINESTRING(5.386062 52.149176,5.386517 52.148904,5.38698 52.148641); 53; jam; 20170611074906; NULL; 20170611095425; 738687349; NONE; 0; 87; -1; Arnhemseweg; Amersfoort; NL; 1; 5; NONE; 79ee83e0-0424-3a05-ad2b-933eb955c390; Ruijsdaalstraat;
1476100; LINESTRING(5.38698 52.148641,5.386517 52.148904,5.386062 52.149176); 53; jam; 20170611074906; NULL; 20170611095425; 742336233; NONE; 0; 87; -1; Arnhemseweg; Amersfoort; NL; 1; 5; NONE; b68774c3-b6c8-3b4a-9399-6f992411bf35; ;
1478104; LINESTRING(5.385688 52.149508,5.385906 52.149294,5.386062 52.149176); 53; jam; 20170611083436; NULL; 20170614074924; 741243269; NONE; 0; 45; -1; Arnhemseweg; Amersfoort; NL; 1; 5; NONE; 82b0dc79-b7f5-32da-b56b-120d2997a8e4; Veldstraat;
1482603; LINESTRING(5.386062 52.149176,5.385906 52.149294,5.385688 52.149508); 53; jam; 20170611094830; NULL; 20170614074924; 747078243; NONE; 0; 45; -1; Arnhemseweg; Amersfoort; NL; 1; 5; NONE; 27a274db-e86b-38cf-881a-6ff7f588c037; ;
1516764; LINESTRING(5.385688 52.149508,5.385906 52.149294,5.386062 52.149176); 53; jam; 20170611083436; NULL; 20170614074924; 741243269; NONE; 0; 45; -1; Arnhemseweg; Amersfoort; NL; 1; 5; NONE; 82b0dc79-b7f5-32da-b56b-120d2997a8e4; ;
1516766; LINESTRING(5.386062 52.149176,5.385906 52.149294,5.385688 52.149508); 53; jam; 20170611094830; NULL; 20170614074924; 747078243; NONE; 0; 45; -1; Arnhemseweg; Amersfoort; NL; 1; 5; NONE; 27a274db-e86b-38cf-881a-6ff7f588c037; ;
1516768; LINESTRING(5.38698 52.148641,5.386517 52.148904,5.386062 52.149176); 53; jam; 20170611095019; NULL; 20170614074924; 745425822; NONE; 0; 87; -1; Arnhemseweg; Amersfoort; NL; 1; 5; NONE; f1180e63-ed19-3352-8f83-b14ae1512d1a; ;
1516769; LINESTRING(5.386062 52.149176,5.386517 52.148904,5.38698 52.148641); 53; jam; 20170611075313; NULL; 20170614074924; 738761280; NONE; 0; 87; -1; Arnhemseweg; Amersfoort; NL; 1; 5; NONE; ecad34cb-b8bb-3988-81f9-904124a1c789; ;
1585274; LINESTRING(5.38844 52.147545,5.388666 52.147105); 53; jam; 20170614055601; NULL; 20170618101427; 996338046; NONE; 0; 51; -1; Arnhemseweg; Amersfoort; NL; 1; 5; NONE; 944577ed-7179-3795-8d4b-3bc24bb6de0a; ;
1585275; LINESTRING(5.38844 52.147545,5.388262 52.147792,5.388061 52.148037,5.387884 52.148195); 53; jam; 20170614055601; NULL; 20170618101427; 993518161; NONE; 0; 82; -1; Arnhemseweg; Amersfoort; NL; 1; 5; NONE; c72cafff-d894-3c68-b0a2-1203c7c4754c; ;
1585276; LINESTRING(5.388666 52.147105,5.38844 52.147545); 53; jam; 20170614055603; NULL; 20170618101427; 997501425; NONE; 0; 51; -1; Arnhemseweg; Amersfoort; NL; 1; 5; NONE; 39c53ea6-6ffa-3fdf-a27a-0b03f3a1eb7f; ;
1585278; LINESTRING(5.387884 52.148195,5.388061 52.148037,5.388262 52.147792,5.38844 52.147545); 53; jam; 20170614055604; NULL; 20170618101427; 996362916; NONE; 0; 82; -1; Arnhemseweg; Amersfoort; NL; 1; 5; NONE; e5ad9f93-716d-3a1f-8456-a71679b13686; ;
1511510; LINESTRING(5.389459 52.145821,5.384271 52.148939,5.384057 52.149056); 53; jam; 20170612062647; NULL; 20170612085424; 799866461; NONE; 3.3694444444444445; 516; 120; Kersenbaan; Amersfoort; NL; 2; 3; NONE; ; Leusderweg;
1513213; LINESTRING(5.392754 52.143772,5.392308 52.144126,5.391418 52.144738,5.390454 52.145223,5.389459 52.145821,5.384271 52.148939,5.384057 52.149056); 53; jam; 20170612065116; NULL; 20170612092422; 805040612; NONE; 5.336111111111111; 838; 106; Kersenbaan; Amersfoort; NL; 2; 3; NONE; ; Leusderweg;
1515654; LINESTRING(5.39075 52.145164,5.390684 52.14524,5.389465 52.145953,5.389136 52.146179,5.389068 52.14625,5.389022 52.146332,5.388666 52.147105); 53; jam; 20170611094811; NULL; 20170614075421; 743743377; NONE; 0; 267; -1; Arnhemseweg; Amersfoort; NL; 1; 5; NONE; f854655e-f6bb-3178-a989-14e80657c010; ;
1515660; LINESTRING(5.388666 52.147105,5.389022 52.146332,5.389068 52.14625,5.389136 52.146179,5.389465 52.145953,5.390684 52.14524,5.39075 52.145164); 53; jam; 20170611075312; NULL; 20170614074924; 740899592; NONE; 0; 267; -1; Arnhemseweg; Amersfoort; NL; 1; 5; NONE; 40eaaadc-a08a-3ddf-8859-ee9487035463; ;
1613122; LINESTRING(5.392754 52.143772,5.392308 52.144126,5.391418 52.144738,5.390454 52.145223,5.389459 52.145821,5.384271 52.148939,5.384057 52.149056); 53; jam; 20170614153144; NULL; 20170614174926; 1043963343; NONE; 6.438888888888889; 838; 79; Kersenbaan; Amersfoort; NL; 2; 2; NONE; ; Leusderweg;
1627846; LINESTRING(5.392754 52.143772,5.392308 52.144126,5.391418 52.144738,5.390454 52.145223,5.389459 52.145821,5.384271 52.148939,5.384057 52.149056); 53; jam; 20170615062206; NULL; 20170615083425; 1106746675; NONE; 5.3277777777777775; 838; 106; Kersenbaan; Amersfoort; NL; 2; 3; NONE; ; Leusderweg;
1628864; LINESTRING(5.392754 52.143772,5.392308 52.144126,5.391418 52.144738,5.390454 52.145223,5.389459 52.145821,5.384271 52.148939,5.384057 52.149056); 53; jam; 20170615063802; NULL; 20170615092924; 1109418483; NONE; 4.3277777777777775; 838; 142; Kersenbaan; Amersfoort; NL; 2; 3; NONE; ; Leusderweg;
1585284; LINESTRING(5.388666 52.147105,5.389022 52.146332,5.389068 52.14625,5.389136 52.146179,5.389465 52.145953,5.390684 52.14524,5.39075 52.145164); 53; jam; 20170614055612; NULL; 20170618101427; 995301617; NONE; 0; 267; -1; Arnhemseweg; Amersfoort; NL; 1; 5; NONE; 40eaaadc-a08a-3ddf-8859-ee9487035463; ;
1586377; LINESTRING(5.39075 52.145164,5.390684 52.14524,5.389465 52.145953,5.389136 52.146179,5.389068 52.14625,5.389022 52.146332,5.388666 52.147105); 53; jam; 20170614060658; NULL; NULL; 997215328; NONE; 0; 267; -1; Arnhemseweg; Amersfoort; NL; 1; 5; NONE; f854655e-f6bb-3178-a989-14e80657c010; ;
1477467; LINESTRING(5.39075 52.145164,5.390684 52.14524,5.389465 52.145953,5.389136 52.146179,5.389068 52.14625,5.389022 52.146332,5.388666 52.147105); 53; jam; 20170611075311; NULL; 20170611105421; 741394704; NONE; 0; 267; -1; Arnhemseweg; Amersfoort; NL; 1; 5; NONE; ca7adb3a-67c8-319c-a559-13f192ebda33; ;
1477468; LINESTRING(5.388666 52.147105,5.389022 52.146332,5.389068 52.14625,5.389136 52.146179,5.389465 52.145953,5.390684 52.14524,5.39075 52.145164); 53; jam; 20170611075312; NULL; 20170614074924; 740899592; NONE; 0; 267; -1; Arnhemseweg; Amersfoort; NL; 1; 5; NONE; 3727972a-5cb4-3f2c-9f5f-5484b2c873c5; ;
1482605; LINESTRING(5.39075 52.145164,5.390684 52.14524,5.389465 52.145953,5.389136 52.146179,5.389068 52.14625,5.389022 52.146332,5.388666 52.147105); 53; jam; 20170611094811; NULL; 20170614075421; 743743377; NONE; 0; 267; -1; Arnhemseweg; Amersfoort; NL; 1; 5; NONE; f854655e-f6bb-3178-a989-14e80657c010; ;
1645845; LINESTRING(5.392754 52.143772,5.392308 52.144126,5.391418 52.144738,5.390454 52.145223,5.389459 52.145821,5.384271 52.148939,5.384057 52.149056); 53; jam; 20170615122724; NULL; 20170615143424; 1132252337; NONE; 6.669444444444444; 838; 74; Kersenbaan; Amersfoort; NL; 2; 2; NONE; ; Leusderweg;
1646088; LINESTRING(5.392754 52.143772,5.392308 52.144126,5.391418 52.144738,5.390454 52.145223,5.389459 52.145821,5.384271 52.148939,5.384057 52.149056); 53; jam; 20170615123338; NULL; 20170615143925; 1133765846; NONE; 6.588888888888889; 838; 75; Kersenbaan; Amersfoort; NL; 2; 2; NONE; ; Leusderweg;
1546800; LINESTRING(5.392754 52.143772,5.392308 52.144126,5.391418 52.144738,5.390454 52.145223,5.389459 52.145821,5.384271 52.148939,5.384057 52.149056); 53; jam; 20170613064510; NULL; 20170613092424; 897181247; NONE; 4.758333333333334; 838; 125; Kersenbaan; Amersfoort; NL; 2; 3; NONE; ; Leusderweg;
1547943; LINESTRING(5.391836 52.15107,5.391715 52.150532,5.391702 52.150322,5.391719 52.150192,5.391892 52.149359,5.392054 52.148572,5.392073 52.148477,5.392159 52.147874,5.392183 52.147367,5.392158 52.14694,5.392105 52.14668,5.392058 52.146545,5.391967 52.146298,5.391849 52.146067,5.39163 52.145749,5.391448 52.145518,5.391384 52.14547,5.391344 52.14544); 53; jam; 20170613070340; NULL; 20170613091924; 900136286; NONE; 3.8694444444444445; 638; 102; Vermeerstraat; Amersfoort; NL; 2; 3; NONE; ; ;
1548422; LINESTRING(5.391344 52.14544,5.391384 52.14547,5.391448 52.145518,5.39163 52.145749,5.391849 52.146067,5.391967 52.146298,5.392058 52.146545,5.392105 52.14668,5.392158 52.14694,5.392183 52.147367,5.392159 52.147874,5.392073 52.148477,5.392054 52.148572,5.391892 52.149359,5.391719 52.150192,5.391702 52.150322,5.391715 52.150532,5.391836 52.15107); 53; jam; 20170613071707; NULL; 20170613092424; 900348637; NONE; 5.033333333333333; 638; 65; Vermeerstraat; Amersfoort; NL; 2; 3; NONE; ; Bisschopsweg;
1563595; LINESTRING(5.391849 52.146067,5.391967 52.146298,5.392058 52.146545,5.392105 52.14668,5.392158 52.14694,5.392183 52.147367,5.392159 52.147874,5.392073 52.148477,5.392054 52.148572,5.391892 52.149359,5.391719 52.150192,5.391702 52.150322,5.391715 52.150532,5.391836 52.15107); 53; jam; 20170613134409; NULL; 20170613155923; 929412699; NONE; 3.863888888888889; 560; 90; Vermeerstraat; Amersfoort; NL; 2; 3; NONE; ; Bisschopsweg;
1564538; LINESTRING(5.391849 52.146067,5.391967 52.146298,5.392058 52.146545,5.392105 52.14668,5.392158 52.14694,5.392183 52.147367,5.392159 52.147874,5.392073 52.148477,5.392054 52.148572,5.391892 52.149359,5.391719 52.150192,5.391702 52.150322,5.391715 52.150532,5.391836 52.15107); 53; jam; 20170613140003; NULL; 20170613161424; 933217085; NONE; 3.863888888888889; 560; 90; Vermeerstraat; Amersfoort; NL; 2; 3; NONE; ; Bisschopsweg;
1565610; LINESTRING(5.391849 52.146067,5.391967 52.146298,5.392058 52.146545,5.392105 52.14668,5.392158 52.14694,5.392183 52.147367,5.392159 52.147874,5.392073 52.148477,5.392054 52.148572,5.391892 52.149359,5.391719 52.150192,5.391702 52.150322,5.391715 52.150532,5.391836 52.15107); 53; jam; 20170613141648; NULL; 20170613163424; 932318387; NONE; 3.8055555555555554; 560; 92; Vermeerstraat; Amersfoort; NL; 2; 3; NONE; ; Bisschopsweg;
1590523; LINESTRING(5.39163 52.145749,5.391849 52.146067,5.391967 52.146298,5.392058 52.146545,5.392105 52.14668,5.392158 52.14694,5.392183 52.147367,5.392159 52.147874,5.392073 52.148477,5.392054 52.148572,5.391892 52.149359,5.391719 52.150192,5.391702 52.150322,5.391715 52.150532,5.391836 52.15107); 53; jam; 20170614075025; NULL; 20170614100923; 1004637157; NONE; 4.458333333333333; 598; 76; Vermeerstraat; Amersfoort; NL; 2; 3; NONE; ; Hendrik van Viandenstraat;
1591126; LINESTRING(5.39163 52.145749,5.391849 52.146067,5.391967 52.146298,5.392058 52.146545,5.392105 52.14668,5.392158 52.14694,5.392183 52.147367,5.392159 52.147874,5.392073 52.148477,5.392054 52.148572,5.391892 52.149359,5.391719 52.150192,5.391702 52.150322,5.391715 52.150532,5.391836 52.15107); 53; jam; 20170614080719; NULL; 20170614102424; 1004034981; NONE; 3.911111111111111; 598; 95; Vermeerstraat; Amersfoort; NL; 2; 3; NONE; ; Hendrik van Viandenstraat;
1609314; LINESTRING(5.392183 52.147367,5.392159 52.147874,5.392073 52.148477,5.392054 52.148572,5.391892 52.149359,5.391719 52.150192,5.391702 52.150322,5.391715 52.150532,5.391836 52.15107); 53; jam; 20170614144338; NULL; 20170614165925; 1039731453; NONE; 2.7222222222222223; 413; 112; Vermeerstraat; Amersfoort; NL; 2; 3; NONE; ; Hendrik van Viandenstraat;
1610664; LINESTRING(5.392183 52.147367,5.392159 52.147874,5.392073 52.148477,5.392054 52.148572,5.391892 52.149359,5.391719 52.150192,5.391702 52.150322,5.391715 52.150532,5.391836 52.15107); 53; jam; 20170614150150; NULL; 20170614171425; 1040058024; NONE; 2.7222222222222223; 413; 112; Vermeerstraat; Amersfoort; NL; 2; 3; NONE; ; Hendrik van Viandenstraat;
1630150; LINESTRING(5.39163 52.145749,5.391849 52.146067,5.391967 52.146298,5.392058 52.146545,5.392105 52.14668,5.392158 52.14694,5.392183 52.147367,5.392159 52.147874,5.392073 52.148477,5.392054 52.148572,5.391892 52.149359,5.391719 52.150192,5.391702 52.150322,5.391715 52.150532,5.391836 52.15107); 53; jam; 20170615065550; NULL; 20170615090929; 1111315793; NONE; 4.7; 598; 69; Vermeerstraat; Amersfoort; NL; 2; 3; NONE; ; Hendrik van Viandenstraat;
1631294; LINESTRING(5.387031 52.149898,5.38926 52.150484,5.390161 52.150722,5.390556 52.150825,5.391078 52.150945,5.391836 52.15107); 53; jam; 20170615071131; NULL; 20170615092924; 1108770490; NONE; 2.7416666666666667; 354; 76; Bisschopsweg; Amersfoort; NL; 2; 2; NONE; ; Hendrik van Viandenstraat;
1632974; LINESTRING(5.391344 52.14544,5.391384 52.14547,5.391448 52.145518,5.39163 52.145749,5.391849 52.146067,5.391967 52.146298,5.392058 52.146545,5.392105 52.14668,5.392158 52.14694,5.392183 52.147367,5.392159 52.147874,5.392073 52.148477,5.392054 52.148572,5.391892 52.149359,5.391719 52.150192,5.391702 52.150322,5.391715 52.150532,5.391836 52.15107); 53; jam; 20170615074402; NULL; 20170615095924; 1111900419; NONE; 3.3472222222222223; 638; 128; Vermeerstraat; Amersfoort; NL; 2; 3; NONE; ; Hendrik van Viandenstraat;
1633759; LINESTRING(5.391344 52.14544,5.391384 52.14547,5.391448 52.145518,5.39163 52.145749,5.391849 52.146067,5.391967 52.146298,5.392058 52.146545,5.392105 52.14668,5.392158 52.14694,5.392183 52.147367,5.392159 52.147874,5.392073 52.148477,5.392054 52.148572,5.391892 52.149359,5.391719 52.150192,5.391702 52.150322,5.391715 52.150532,5.391836 52.15107); 53; jam; 20170615080127; NULL; 20170615101424; 1112819160; NONE; 3.7583333333333333; 638; 108; Vermeerstraat; Amersfoort; NL; 2; 3; NONE; ; Hendrik van Viandenstraat;
1634505; LINESTRING(5.391344 52.14544,5.391384 52.14547,5.391448 52.145518,5.39163 52.145749,5.391849 52.146067,5.391967 52.146298,5.392058 52.146545,5.392105 52.14668,5.392158 52.14694,5.392183 52.147367,5.392159 52.147874,5.392073 52.148477,5.392054 52.148572,5.391892 52.149359,5.391719 52.150192,5.391702 52.150322,5.391715 52.150532,5.391836 52.15107); 53; jam; 20170615081845; NULL; 20170615103424; 1115685866; NONE; 3.5305555555555554; 638; 119; Vermeerstraat; Amersfoort; NL; 2; 3; NONE; ; Hendrik van Viandenstraat;
1635041; LINESTRING(5.391344 52.14544,5.391384 52.14547,5.391448 52.145518,5.39163 52.145749,5.391849 52.146067,5.391967 52.146298,5.392058 52.146545,5.392105 52.14668,5.392158 52.14694,5.392183 52.147367,5.392159 52.147874,5.392073 52.148477,5.392054 52.148572,5.391892 52.149359,5.391719 52.150192,5.391702 52.150322,5.391715 52.150532,5.391836 52.15107); 53; jam; 20170615083417; NULL; 20170615103924; 1115112950; NONE; 4.019444444444445; 638; 97; Vermeerstraat; Amersfoort; NL; 2; 3; NONE; ; Hendrik van Viandenstraat;
1635970; LINESTRING(5.391849 52.146067,5.391967 52.146298,5.392058 52.146545,5.392105 52.14668,5.392158 52.14694,5.392183 52.147367,5.392159 52.147874,5.392073 52.148477,5.392054 52.148572,5.391892 52.149359,5.391719 52.150192,5.391702 52.150322,5.391715 52.150532,5.391836 52.15107); 53; jam; 20170615085056; NULL; 20170615110423; 1117739026; NONE; 4.472222222222222; 560; 70; Vermeerstraat; Amersfoort; NL; 2; 3; NONE; ; Hendrik van Viandenstraat;
1636694; LINESTRING(5.391849 52.146067,5.391967 52.146298,5.392058 52.146545,5.392105 52.14668,5.392158 52.14694,5.392183 52.147367,5.392159 52.147874,5.392073 52.148477,5.392054 52.148572,5.391892 52.149359,5.391719 52.150192,5.391702 52.150322,5.391715 52.150532,5.391836 52.15107); 53; jam; 20170615090735; NULL; 20170615111923; 1118863596; NONE; 4.472222222222222; 560; 70; Vermeerstraat; Amersfoort; NL; 2; 3; NONE; ; Hendrik van Viandenstraat;
1637393; LINESTRING(5.391849 52.146067,5.391967 52.146298,5.392058 52.146545,5.392105 52.14668,5.392158 52.14694,5.392183 52.147367,5.392159 52.147874,5.392073 52.148477,5.392054 52.148572,5.391892 52.149359,5.391719 52.150192,5.391702 52.150322,5.391715 52.150532,5.391836 52.15107); 53; jam; 20170615092406; NULL; 20170615113924; 1117058781; NONE; 4.472222222222222; 560; 70; Vermeerstraat; Amersfoort; NL; 2; 3; NONE; ; Hendrik van Viandenstraat;
1363393; LINESTRING(5.388666 52.147105,5.38844 52.147545); 53; jam; 20170608070648; NULL; 20170611094926; 452166400; NONE; 0; 51; -1; Arnhemseweg; Amersfoort; NL; 1; 5; NONE; 7eed839a-20e4-353e-afc3-672ff1a1e4c5; ;
1363394; LINESTRING(5.387884 52.148195,5.388061 52.148037,5.388262 52.147792,5.38844 52.147545); 53; jam; 20170608070649; NULL; 20170611094926; 452688037; NONE; 0; 82; -1; Arnhemseweg; Amersfoort; NL; 1; 5; NONE; 1de1236f-87d4-3597-b52c-7b3306417eb6; ;
1363390; LINESTRING(5.38844 52.147545,5.388666 52.147105); 53; jam; 20170608070647; NULL; 20170611094926; 454781514; NONE; 0; 51; -1; Arnhemseweg; Amersfoort; NL; 1; 5; NONE; ff4375aa-0436-3bb3-844e-b72be4b54e27; ;
1363391; LINESTRING(5.38844 52.147545,5.388262 52.147792,5.388061 52.148037,5.387884 52.148195); 53; jam; 20170608070647; NULL; 20170611094926; 450981711; NONE; 0; 82; -1; Arnhemseweg; Amersfoort; NL; 1; 5; NONE; a2b2cc1f-4ee9-3e20-bfaf-5398dfee4e84; ;
1363399; LINESTRING(5.385688 52.149508,5.385906 52.149294,5.386062 52.149176); 53; jam; 20170608070657; NULL; 20170611094926; 454847455; NONE; 0; 45; -1; Arnhemseweg; Amersfoort; NL; 1; 5; NONE; 4a05dad1-3eab-303b-9b69-4e553ae32ea6; ;
1363400; LINESTRING(5.386062 52.149176,5.385906 52.149294,5.385688 52.149508); 53; jam; 20170608070657; NULL; 20170611094926; 453707506; NONE; 0; 45; -1; Arnhemseweg; Amersfoort; NL; 1; 5; NONE; cf660be1-8fa6-371d-b049-0f377acfe3cc; ;
1363402; LINESTRING(5.387884 52.148195,5.38698 52.148641); 53; jam; 20170608070658; NULL; 20170611094926; 454827534; NONE; 0; 79; -1; Arnhemseweg; Amersfoort; NL; 1; 5; NONE; 6be24864-206a-3e3d-9d0c-41cc6f4a4936; ;
1363403; LINESTRING(5.386062 52.149176,5.386517 52.148904,5.38698 52.148641); 53; jam; 20170608070658; NULL; 20170611094926; 453847618; NONE; 0; 87; -1; Arnhemseweg; Amersfoort; NL; 1; 5; NONE; 79ee83e0-0424-3a05-ad2b-933eb955c390; ;
1363404; LINESTRING(5.38698 52.148641,5.387884 52.148195); 53; jam; 20170608070658; NULL; 20170611094926; 454847635; NONE; 0; 79; -1; Arnhemseweg; Amersfoort; NL; 1; 5; NONE; 11f2d5fd-5bea-3e07-b428-cc84c0906103; ;
1363405; LINESTRING(5.38698 52.148641,5.386517 52.148904,5.386062 52.149176); 53; jam; 20170608070658; NULL; 20170611094926; 453707646; NONE; 0; 87; -1; Arnhemseweg; Amersfoort; NL; 1; 5; NONE; b68774c3-b6c8-3b4a-9399-6f992411bf35; ;
1660534; LINESTRING(5.386762 52.147441,5.384271 52.148939,5.384057 52.149056); 53; jam; 20170615155533; NULL; 20170615180927; 1150469469; NONE; 1.3194444444444444; 258; 178; Kersenbaan; Amersfoort; NL; 2; 4; NONE; ; Leusderweg;
1363401; LINESTRING(5.388666 52.147105,5.389022 52.146332,5.389068 52.14625,5.389136 52.146179,5.389465 52.145953,5.390684 52.14524,5.39075 52.145164); 53; jam; 20170608070658; NULL; 20170611094926; 451027491; NONE; 0; 267; -1; Arnhemseweg; Amersfoort; NL; 1; 5; NONE; 3727972a-5cb4-3f2c-9f5f-5484b2c873c5; ;
1363395; LINESTRING(5.39075 52.145164,5.390684 52.14524,5.389465 52.145953,5.389136 52.146179,5.389068 52.14625,5.389022 52.146332,5.388666 52.147105); 53; jam; 20170608070649; NULL; 20170611094926; 450988751; NONE; 0; 267; -1; Arnhemseweg; Amersfoort; NL; 1; 5; NONE; ca7adb3a-67c8-319c-a559-13f192ebda33; ;
1662374; LINESTRING(5.392754 52.143772,5.392308 52.144126,5.391418 52.144738,5.390454 52.145223,5.389459 52.145821,5.384271 52.148939,5.384057 52.149056); 53; jam; 20170615162213; NULL; 20170615183424; 1155094034; NONE; 6.802777777777778; 838; 71; Kersenbaan; Amersfoort; NL; 2; 2; NONE; ; Leusderweg;
1673650; LINESTRING(5.392754 52.143772,5.392308 52.144126,5.391418 52.144738,5.390454 52.145223,5.389459 52.145821,5.384271 52.148939,5.384057 52.149056); 53; jam; 20170616070348; NULL; 20170616091424; 1207767568; NONE; 4.280555555555556; 838; 144; Kersenbaan; Amersfoort; NL; 2; 3; NONE; ; Leusderweg;
1632204; LINESTRING(5.387031 52.149898,5.38926 52.150484,5.390161 52.150722,5.390556 52.150825,5.391078 52.150945,5.391836 52.15107); 53; jam; 20170615072824; NULL; 20170615093924; 1111953668; NONE; 2.85; 354; 71; Bisschopsweg; Amersfoort; NL; 2; 2; NONE; ; Hendrik van Viandenstraat;
1632971; LINESTRING(5.387031 52.149898,5.38926 52.150484,5.390161 52.150722,5.390556 52.150825,5.391078 52.150945,5.391836 52.15107); 53; jam; 20170615074345; NULL; 20170615095924; 1111545090; NONE; 2.8472222222222223; 354; 71; Bisschopsweg; Amersfoort; NL; 2; 2; NONE; ; Hendrik van Viandenstraat;
1632972; LINESTRING(5.391836 52.15107,5.391078 52.150945,5.390556 52.150825,5.390161 52.150722,5.38926 52.150484,5.387031 52.149898,5.385688 52.149508); 53; jam; 20170615074345; NULL; 20170615095423; 1113165076; NONE; 3.7888888888888888; 456; 60; Bisschopsweg; Amersfoort; NL; 2; 2; NONE; ; Arnhemseweg;
1633758; LINESTRING(5.391836 52.15107,5.391078 52.150945,5.390556 52.150825,5.390161 52.150722,5.38926 52.150484,5.387031 52.149898,5.385688 52.149508); 53; jam; 20170615080104; NULL; 20170615100923; 1114947662; NONE; 3.7888888888888888; 456; 60; Bisschopsweg; Amersfoort; NL; 2; 2; NONE; ; Arnhemseweg;
1634503; LINESTRING(5.391836 52.15107,5.391078 52.150945,5.390556 52.150825,5.390161 52.150722,5.38926 52.150484,5.387031 52.149898,5.385688 52.149508); 53; jam; 20170615081827; NULL; 20170615102923; 1115552576; NONE; 3.7888888888888888; 456; 60; Bisschopsweg; Amersfoort; NL; 2; 2; NONE; ; Arnhemseweg;
1564533; LINESTRING(5.385688 52.149508,5.387031 52.149898,5.38926 52.150484,5.390161 52.150722,5.390556 52.150825,5.391078 52.150945,5.391836 52.15107); 53; jam; 20170613135941; NULL; 20170613161424; 930855617; NONE; 3.4472222222222224; 456; 65; Bisschopsweg; Amersfoort; NL; 2; 2; NONE; ; Hendrik van Viandenstraat;
1657538; LINESTRING(5.385 52.150668,5.385445 52.151297,5.385672 52.151617,5.38623 52.152457,5.386318 52.152588); 53; jam; 20170615152845; NULL; 20170615173427; 1151416263; NONE; 1.9055555555555554; 232; 93; Arnhemseweg; Amersfoort; NL; 2; 4; NONE; ; Stadsring;
1659189; LINESTRING(5.385 52.150668,5.385445 52.151297,5.385672 52.151617,5.38623 52.152457,5.386318 52.152588); 53; jam; 20170615154316; NULL; 20170615174928; 1149263137; NONE; 1.8083333333333333; 232; 99; Arnhemseweg; Amersfoort; NL; 2; 4; NONE; ; Stadsring;
1676189; LINESTRING(5.387031 52.149898,5.38926 52.150484,5.390161 52.150722,5.390556 52.150825,5.391078 52.150945,5.391836 52.15107); 53; jam; 20170616080725; NULL; 20170616102425; 1209115811; NONE; 2.425; 354; 93; Bisschopsweg; Amersfoort; NL; 2; 3; NONE; ; Hendrik van Viandenstraat;
1695061; LINESTRING(5.387031 52.149898,5.38926 52.150484,5.390161 52.150722,5.390556 52.150825,5.391078 52.150945,5.391836 52.15107); 53; jam; 20170616135329; NULL; 20170616160927; 1243192173; NONE; 2.4916666666666667; 354; 89; Bisschopsweg; Amersfoort; NL; 2; 3; NONE; ; Hendrik van Viandenstraat;
1564535; LINESTRING(5.385 52.150668,5.385445 52.151297,5.385672 52.151617,5.38623 52.152457,5.386318 52.152588); 53; jam; 20170613135951; NULL; 20170613161926; 933014924; NONE; 1.7583333333333333; 232; 102; Arnhemseweg; Amersfoort; NL; 2; 3; NONE; ; Stadsring;
1629361; LINESTRING(5.385 52.150668,5.385445 52.151297,5.385672 52.151617,5.38623 52.152457); 53; jam; 20170615064841; NULL; 20170615085424; 1106434150; NONE; 1.5583333333333333; 216; 113; Arnhemseweg; Amersfoort; NL; 2; 4; NONE; ; Stadsring;
1750879; LINESTRING(5.385688 52.149508,5.385906 52.149294,5.386062 52.149176); 53; jam; 20170614055612; NULL; NULL; 996381356; NONE; 0; 45; -1; Arnhemseweg; Amersfoort; NL; 1; 5; NONE; 82b0dc79-b7f5-32da-b56b-120d2997a8e4; ;
1750880; LINESTRING(5.386062 52.149176,5.385906 52.149294,5.385688 52.149508); 53; jam; 20170614055612; NULL; NULL; 997521575; NONE; 0; 45; -1; Arnhemseweg; Amersfoort; NL; 1; 5; NONE; 27a274db-e86b-38cf-881a-6ff7f588c037; ;
1585281; LINESTRING(5.385688 52.149508,5.385906 52.149294,5.386062 52.149176); 53; jam; 20170614055612; NULL; 20170618101427; 996381356; NONE; 0; 45; -1; Arnhemseweg; Amersfoort; NL; 1; 5; NONE; 82b0dc79-b7f5-32da-b56b-120d2997a8e4; ;
1585282; LINESTRING(5.386062 52.149176,5.385906 52.149294,5.385688 52.149508); 53; jam; 20170614055612; NULL; 20170618101427; 997521575; NONE; 0; 45; -1; Arnhemseweg; Amersfoort; NL; 1; 5; NONE; 27a274db-e86b-38cf-881a-6ff7f588c037; Bisschopsweg;
1585283; LINESTRING(5.387884 52.148195,5.38698 52.148641); 53; jam; 20170614055612; NULL; 20170618101427; 993561761; NONE; 0; 79; -1; Arnhemseweg; Amersfoort; NL; 1; 5; NONE; 5a54f51f-0bbd-3275-ab22-635484debd31; ;
1585285; LINESTRING(5.38698 52.148641,5.386517 52.148904,5.386062 52.149176); 53; jam; 20170614055612; NULL; 20170618101427; 994762230; NONE; 0; 87; -1; Arnhemseweg; Amersfoort; NL; 1; 5; NONE; f1180e63-ed19-3352-8f83-b14ae1512d1a; ;
1585286; LINESTRING(5.38698 52.148641,5.387884 52.148195); 53; jam; 20170614055612; NULL; 20170618101427; 993562181; NONE; 0; 79; -1; Arnhemseweg; Amersfoort; NL; 1; 5; NONE; 6ad36797-edbd-314b-8ff0-fc62505b1e1b; ;
1586379; LINESTRING(5.386062 52.149176,5.386517 52.148904,5.38698 52.148641); 53; jam; 20170614060712; NULL; 20170618101427; 994425571; NONE; 0; 87; -1; Arnhemseweg; Amersfoort; NL; 1; 5; NONE; ecad34cb-b8bb-3988-81f9-904124a1c789; ;
1477470; LINESTRING(5.386062 52.149176,5.386517 52.148904,5.38698 52.148641); 53; jam; 20170611075313; NULL; 20170614074924; 738761280; NONE; 0; 87; -1; Arnhemseweg; Amersfoort; NL; 1; 5; NONE; 79ee83e0-0424-3a05-ad2b-933eb955c390; ;
1477471; LINESTRING(5.38698 52.148641,5.386517 52.148904,5.386062 52.149176); 53; jam; 20170611075313; NULL; 20170611105421; 739181279; NONE; 0; 87; -1; Arnhemseweg; Amersfoort; NL; 1; 5; NONE; b68774c3-b6c8-3b4a-9399-6f992411bf35; ;
1483746; LINESTRING(5.38698 52.148641,5.386517 52.148904,5.386062 52.149176); 53; jam; 20170611095019; NULL; 20170614074924; 745425822; NONE; 0; 87; -1; Arnhemseweg; Amersfoort; NL; 1; 5; NONE; f1180e63-ed19-3352-8f83-b14ae1512d1a; Veldstraat;
1681456; LINESTRING(5.392754 52.143772,5.392308 52.144126,5.391418 52.144738,5.390454 52.145223,5.389459 52.145821,5.384271 52.148939,5.384057 52.149056); 53; jam; 20170616100352; NULL; 20170616121925; 1220916354; NONE; 6.441666666666666; 838; 78; Kersenbaan; Amersfoort; NL; 2; 2; NONE; ; Leusderweg;
1750868; LINESTRING(5.38698 52.148641,5.387884 52.148195); 53; jam; 20170614055612; NULL; NULL; 993562181; NONE; 0; 79; -1; Arnhemseweg; Amersfoort; NL; 1; 5; NONE; 6ad36797-edbd-314b-8ff0-fc62505b1e1b; ;
1750869; LINESTRING(5.386062 52.149176,5.386517 52.148904,5.38698 52.148641); 53; jam; 20170614060712; NULL; NULL; 994425571; NONE; 0; 87; -1; Arnhemseweg; Amersfoort; NL; 1; 5; NONE; ecad34cb-b8bb-3988-81f9-904124a1c789; ;
1750870; LINESTRING(5.38698 52.148641,5.386517 52.148904,5.386062 52.149176); 53; jam; 20170614055612; NULL; NULL; 994762230; NONE; 0; 87; -1; Arnhemseweg; Amersfoort; NL; 1; 5; NONE; f1180e63-ed19-3352-8f83-b14ae1512d1a; ;
1750875; LINESTRING(5.38844 52.147545,5.388666 52.147105); 53; jam; 20170614055601; NULL; NULL; 996338046; NONE; 0; 51; -1; Arnhemseweg; Amersfoort; NL; 1; 5; NONE; 944577ed-7179-3795-8d4b-3bc24bb6de0a; ;
1750876; LINESTRING(5.38844 52.147545,5.388262 52.147792,5.388061 52.148037,5.387884 52.148195); 53; jam; 20170614055601; NULL; NULL; 993518161; NONE; 0; 82; -1; Arnhemseweg; Amersfoort; NL; 1; 5; NONE; c72cafff-d894-3c68-b0a2-1203c7c4754c; ;
1750877; LINESTRING(5.388666 52.147105,5.38844 52.147545); 53; jam; 20170614055603; NULL; NULL; 997501425; NONE; 0; 51; -1; Arnhemseweg; Amersfoort; NL; 1; 5; NONE; 39c53ea6-6ffa-3fdf-a27a-0b03f3a1eb7f; ;
1750878; LINESTRING(5.387884 52.148195,5.388061 52.148037,5.388262 52.147792,5.38844 52.147545); 53; jam; 20170614055604; NULL; NULL; 996362916; NONE; 0; 82; -1; Arnhemseweg; Amersfoort; NL; 1; 5; NONE; e5ad9f93-716d-3a1f-8456-a71679b13686; ;
1750881; LINESTRING(5.387884 52.148195,5.38698 52.148641); 53; jam; 20170614055612; NULL; NULL; 993561761; NONE; 0; 79; -1; Arnhemseweg; Amersfoort; NL; 1; 5; NONE; 5a54f51f-0bbd-3275-ab22-635484debd31; ;
1691085; LINESTRING(5.392183 52.147367,5.392159 52.147874,5.392073 52.148477,5.392054 52.148572,5.391892 52.149359,5.391719 52.150192,5.391702 52.150322,5.391715 52.150532,5.391836 52.15107); 53; jam; 20170616130339; NULL; 20170616151927; 1236970645; NONE; 3.202777777777778; 413; 89; Vermeerstraat; Amersfoort; NL; 2; 3; NONE; ; Bisschopsweg;
1716787; LINESTRING(5.391836 52.15107,5.391715 52.150532,5.391702 52.150322,5.391719 52.150192,5.391892 52.149359,5.392054 52.148572,5.392073 52.148477,5.392159 52.147874,5.392183 52.147367,5.392158 52.14694,5.392105 52.14668,5.392058 52.146545); 53; jam; 20170617083052; NULL; 20170617103925; 1321465924; NONE; 2.2694444444444444; 505; 173; Vermeerstraat; Amersfoort; NL; 2; 4; NONE; ; Hobbemastraat;
1717406; LINESTRING(5.391836 52.15107,5.391715 52.150532,5.391702 52.150322,5.391719 52.150192,5.391892 52.149359,5.392054 52.148572,5.392073 52.148477,5.392159 52.147874,5.392183 52.147367,5.392158 52.14694,5.392105 52.14668,5.392058 52.146545); 53; jam; 20170617084635; NULL; 20170617110426; 1324008323; NONE; 2.5194444444444444; 505; 151; Vermeerstraat; Amersfoort; NL; 2; 4; NONE; ; Hobbemastraat;
1724531; LINESTRING(5.391836 52.15107,5.391715 52.150532,5.391702 52.150322,5.391719 52.150192,5.391892 52.149359,5.392054 52.148572,5.392073 52.148477,5.392159 52.147874,5.392183 52.147367); 53; jam; 20170617110040; NULL; 20170617133425; 1328358850; NONE; 2.3361111111111112; 413; 136; Vermeerstraat; Amersfoort; NL; 2; 3; NONE; ; Breitnerstraat;
1726422; LINESTRING(5.391836 52.15107,5.391715 52.150532,5.391702 52.150322,5.391719 52.150192,5.391892 52.149359,5.392054 52.148572,5.392073 52.148477,5.392159 52.147874); 53; jam; 20170617113509; NULL; 20170617134926; 1332567162; NONE; 2.1166666666666667; 357; 133; Vermeerstraat; Amersfoort; NL; 2; 3; NONE; ; Breitnerstraat;
1736188; LINESTRING(5.391344 52.14544,5.391384 52.14547,5.391448 52.145518,5.39163 52.145749,5.391849 52.146067,5.391967 52.146298,5.392058 52.146545,5.392105 52.14668,5.392158 52.14694,5.392183 52.147367,5.392159 52.147874,5.392073 52.148477,5.392054 52.148572,5.391892 52.149359,5.391719 52.150192,5.391702 52.150322,5.391715 52.150532,5.391836 52.15107); 53; jam; 20170617140350; NULL; 20170617160926; 1338499080; NONE; 5.236111111111111; 638; 60; Vermeerstraat; Amersfoort; NL; 2; 2; NONE; ; Bisschopsweg;
1742871; LINESTRING(5.391849 52.146067,5.391967 52.146298,5.392058 52.146545,5.392105 52.14668,5.392158 52.14694,5.392183 52.147367,5.392159 52.147874,5.392073 52.148477,5.392054 52.148572,5.391892 52.149359,5.391719 52.150192,5.391702 52.150322,5.391715 52.150532,5.391836 52.15107); 53; jam; 20170617163237; NULL; 20170617183927; 1351106163; NONE; 3.825; 560; 91; Vermeerstraat; Amersfoort; NL; 2; 3; NONE; ; Bisschopsweg;
1743339; LINESTRING(5.391849 52.146067,5.391967 52.146298,5.392058 52.146545,5.392105 52.14668,5.392158 52.14694,5.392183 52.147367,5.392159 52.147874,5.392073 52.148477,5.392054 52.148572,5.391892 52.149359,5.391719 52.150192,5.391702 52.150322,5.391715 52.150532,5.391836 52.15107); 53; jam; 20170617164821; NULL; 20170617185426; 1348278107; NONE; 3.683333333333333; 560; 97; Vermeerstraat; Amersfoort; NL; 2; 3; NONE; ; Bisschopsweg;
1718440; LINESTRING(5.391344 52.14544,5.391384 52.14547,5.391448 52.145518,5.39163 52.145749,5.391849 52.146067,5.391967 52.146298,5.392058 52.146545,5.392105 52.14668,5.392158 52.14694,5.392183 52.147367,5.392159 52.147874,5.392073 52.148477,5.392054 52.148572,5.391892 52.149359,5.391719 52.150192,5.391702 52.150322,5.391715 52.150532,5.391836 52.15107); 53; jam; 20170617090432; NULL; 20170617111927; 1320900560; NONE; 5.052777777777778; 638; 64; Vermeerstraat; Amersfoort; NL; 2; 3; NONE; ; Bisschopsweg;
1750872; LINESTRING(5.388666 52.147105,5.389022 52.146332,5.389068 52.14625,5.389136 52.146179,5.389465 52.145953,5.390684 52.14524,5.39075 52.145164); 53; jam; 20170614055612; NULL; NULL; 995301617; NONE; 0; 267; -1; Arnhemseweg; Amersfoort; NL; 1; 5; NONE; 40eaaadc-a08a-3ddf-8859-ee9487035463; ;
1763943; LINESTRING(5.392073 52.148477,5.392054 52.148572,5.391892 52.149359,5.391719 52.150192); 53; jam; 20170618125135; NULL; 20170618150426; 1409495068; NONE; 1.4722222222222223; 192; 111; Vermeerstraat; Amersfoort; NL; 2; 4; NONE; ; ;
1476084; LINESTRING(5.39075 52.145164,5.390684 52.14524,5.389465 52.145953,5.389136 52.146179,5.389068 52.14625,5.389022 52.146332,5.388666 52.147105); 53; jam; 20170611074720; NULL; 20170611095425; 740744445; NONE; 0; 267; -1; Arnhemseweg; Amersfoort; NL; 1; 5; NONE; ca7adb3a-67c8-319c-a559-13f192ebda33; ;
1476088; LINESTRING(5.388666 52.147105,5.389022 52.146332,5.389068 52.14625,5.389136 52.146179,5.389465 52.145953,5.390684 52.14524,5.39075 52.145164); 53; jam; 20170611074900; NULL; 20170611095921; 738251720; NONE; 0; 267; -1; Arnhemseweg; Amersfoort; NL; 1; 5; NONE; 3727972a-5cb4-3f2c-9f5f-5484b2c873c5; ;
1498553; LINESTRING(5.391719 52.150192,5.391892 52.149359,5.392054 52.148572,5.392073 52.148477,5.392159 52.147874,5.392183 52.147367,5.392158 52.14694,5.392105 52.14668,5.392058 52.146545,5.391967 52.146298,5.391849 52.146067,5.39163 52.145749,5.391448 52.145518,5.391384 52.14547,5.391344 52.14544,5.391068 52.145214,5.391048 52.14518); 53; jam; 20170611133320; NULL; 20170611154923; 756264155; NONE; 4.563888888888889; 576; 69; Vermeerstraat; Amersfoort; NL; 2; 3; NONE; ; ;
1499272; LINESTRING(5.391719 52.150192,5.391892 52.149359,5.392054 52.148572,5.392073 52.148477,5.392159 52.147874,5.392183 52.147367,5.392158 52.14694,5.392105 52.14668,5.392058 52.146545,5.391967 52.146298,5.391849 52.146067,5.39163 52.145749,5.391448 52.145518,5.391384 52.14547,5.391344 52.14544,5.391068 52.145214,5.391048 52.14518); 53; jam; 20170611135004; NULL; 20170611160923; 754830967; NONE; 4.1722222222222225; 576; 81; Vermeerstraat; Amersfoort; NL; 2; 3; NONE; ; ;
1500102; LINESTRING(5.391836 52.15107,5.391715 52.150532,5.391702 52.150322,5.391719 52.150192,5.391892 52.149359,5.392054 52.148572,5.392073 52.148477,5.392159 52.147874,5.392183 52.147367,5.392158 52.14694,5.392105 52.14668,5.392058 52.146545,5.391967 52.146298,5.391849 52.146067,5.39163 52.145749,5.391448 52.145518,5.391384 52.14547,5.391344 52.14544); 53; jam; 20170611140650; NULL; 20170611162423; 758840813; NONE; 4.483333333333333; 638; 80; Vermeerstraat; Amersfoort; NL; 2; 3; NONE; ; ;
1525935; LINESTRING(5.391849 52.146067,5.391967 52.146298,5.392058 52.146545,5.392105 52.14668,5.392158 52.14694,5.392183 52.147367,5.392159 52.147874,5.392073 52.148477,5.392054 52.148572,5.391892 52.149359,5.391719 52.150192,5.391702 52.150322,5.391715 52.150532,5.391836 52.15107); 53; jam; 20170612133005; NULL; 20170612154923; 832939026; NONE; 4.336111111111111; 560; 74; Vermeerstraat; Amersfoort; NL; 2; 3; NONE; ; Bisschopsweg;
1526729; LINESTRING(5.391849 52.146067,5.391967 52.146298,5.392058 52.146545,5.392105 52.14668,5.392158 52.14694,5.392183 52.147367,5.392159 52.147874,5.392073 52.148477,5.392054 52.148572,5.391892 52.149359,5.391719 52.150192,5.391702 52.150322,5.391715 52.150532,5.391836 52.15107); 53; jam; 20170612134713; NULL; 20170612160423; 834706522; NONE; 3.686111111111111; 560; 97; Vermeerstraat; Amersfoort; NL; 2; 3; NONE; ; Bisschopsweg;
1527567; LINESTRING(5.391344 52.14544,5.391384 52.14547,5.391448 52.145518,5.39163 52.145749,5.391849 52.146067,5.391967 52.146298,5.392058 52.146545,5.392105 52.14668,5.392158 52.14694,5.392183 52.147367,5.392159 52.147874,5.392073 52.148477,5.392054 52.148572,5.391892 52.149359,5.391719 52.150192,5.391702 52.150322,5.391715 52.150532,5.391836 52.15107); 53; jam; 20170612140301; NULL; 20170612161923; 834224509; NONE; 4.552777777777778; 638; 78; Vermeerstraat; Amersfoort; NL; 2; 3; NONE; ; Bisschopsweg;
1476094; LINESTRING(5.38965 52.140466,5.388455 52.141826); 53; jam; 20170611074906; NULL; 20170611095425; 741175055; NONE; 0; 172; -1; Fahrenheitstraat; Amersfoort; NL; 1; 5; NONE; 37550cfd-591a-385e-a5af-40d696fccfcc; Stevinstraat;
1476095; LINESTRING(5.388455 52.141826,5.38965 52.140466); 53; jam; 20170611074906; NULL; 20170611095425; 740544412; NONE; 0; 172; -1; Fahrenheitstraat; Amersfoort; NL; 1; 5; NONE; a3608531-ecd6-3b8b-bb95-109b4ff70e29; Bosweg;
1477460; LINESTRING(5.388455 52.141826,5.38965 52.140466); 53; jam; 20170611075040; NULL; 20170611095921; 740027186; NONE; 0; 172; -1; Fahrenheitstraat; Amersfoort; NL; 1; 5; NONE; a3608531-ecd6-3b8b-bb95-109b4ff70e29; Bosweg;
1477464; LINESTRING(5.38965 52.140466,5.388455 52.141826); 53; jam; 20170611075311; NULL; 20170611105421; 738752300; NONE; 0; 172; -1; Fahrenheitstraat; Amersfoort; NL; 1; 5; NONE; 37550cfd-591a-385e-a5af-40d696fccfcc; ;
1477466; LINESTRING(5.388455 52.141826,5.38965 52.140466); 53; jam; 20170611075311; NULL; 20170611105421; 741394124; NONE; 0; 172; -1; Fahrenheitstraat; Amersfoort; NL; 1; 5; NONE; a3608531-ecd6-3b8b-bb95-109b4ff70e29; ;
1482601; LINESTRING(5.38965 52.140466,5.388455 52.141826); 53; jam; 20170611094830; NULL; 20170614074924; 745298022; NONE; 0; 172; -1; Fahrenheitstraat; Amersfoort; NL; 1; 5; NONE; 6447770e-016a-3a25-93eb-932e092b1b43; Stevinstraat;
1482602; LINESTRING(5.388455 52.141826,5.38965 52.140466); 53; jam; 20170611094830; NULL; 20170614074924; 744717966; NONE; 0; 172; -1; Fahrenheitstraat; Amersfoort; NL; 1; 5; NONE; 032b1bea-0cbc-3752-8f24-71b8890faa92; Bosweg;
1502715; LINESTRING(5.391731 52.143704,5.392447 52.143007,5.393604 52.141895,5.393632 52.141844,5.393681 52.141831,5.394372 52.141329,5.394574 52.141197,5.394835 52.141031,5.394963 52.141021,5.394964 52.140947,5.394965 52.140869,5.394989 52.140777,5.395038 52.140677,5.395429 52.140006,5.395635 52.139653,5.397442 52.135321); 53; jam; 20170611150516; NULL; 20170611171425; 757986339; NONE; 4.427777777777778; 1034; 153; Arnhemseweg; Amersfoort; NL; 1; 3; NONE; ; N226 - Arnhemseweg;
1624809; LINESTRING(5.387515 52.144164,5.390373 52.144743,5.390502 52.144784,5.390621 52.144839,5.390627 52.144841); 53; jam; 20170614215727; NULL; 20170615010423; 1072505365; NONE; 1.6833333333333333; 227; 111; Everard Meijsterweg; Amersfoort; NL; 2; 4; NONE; ; ;
1585279; LINESTRING(5.38965 52.140466,5.388455 52.141826); 53; jam; 20170614055610; NULL; 20170618101427; 998619453; NONE; 0; 172; -1; Fahrenheitstraat; Amersfoort; NL; 1; 5; NONE; 6447770e-016a-3a25-93eb-932e092b1b43; Stevinstraat;
1585280; LINESTRING(5.388455 52.141826,5.38965 52.140466); 53; jam; 20170614055610; NULL; 20170618101427; 995300167; NONE; 0; 172; -1; Fahrenheitstraat; Amersfoort; NL; 1; 5; NONE; 032b1bea-0cbc-3752-8f24-71b8890faa92; Bosweg;
1587356; LINESTRING(5.396463 52.137666,5.395635 52.139653,5.395429 52.140006,5.395038 52.140677,5.394989 52.140777,5.394965 52.140869,5.394964 52.140947,5.394963 52.141021,5.394835 52.141031,5.394574 52.141197,5.394372 52.141329,5.393681 52.141831,5.393632 52.141844); 53; jam; 20170614063210; NULL; 20170614084923; 1001483473; NONE; 3.311111111111111; 519; 115; Arnhemseweg; Amersfoort; NL; 2; 3; NONE; ; Bosweg;
1363397; LINESTRING(5.38965 52.140466,5.388455 52.141826); 53; jam; 20170608070655; NULL; 20170611094926; 452724479; NONE; 0; 172; -1; Fahrenheitstraat; Amersfoort; NL; 1; 5; NONE; 37550cfd-591a-385e-a5af-40d696fccfcc; Stevinstraat;
1363398; LINESTRING(5.388455 52.141826,5.38965 52.140466); 53; jam; 20170608070656; NULL; 20170611094926; 452725257; NONE; 0; 172; -1; Fahrenheitstraat; Amersfoort; NL; 1; 5; NONE; a3608531-ecd6-3b8b-bb95-109b4ff70e29; Bosweg;
1616571; LINESTRING(5.395429 52.140006,5.395038 52.140677,5.394989 52.140777,5.394965 52.140869,5.394964 52.140947,5.394963 52.141021,5.394835 52.141031,5.394574 52.141197,5.394372 52.141329,5.393681 52.141831,5.393632 52.141844,5.393604 52.141895,5.392447 52.143007,5.391731 52.143704); 53; jam; 20170614162819; NULL; 20170614183925; 1047752545; NONE; 3.675; 495; 91; Arnhemseweg; Amersfoort; NL; 2; 3; NONE; ; Lorentzstraat;
1617069; LINESTRING(5.395429 52.140006,5.395038 52.140677,5.394989 52.140777,5.394965 52.140869,5.394964 52.140947,5.394963 52.141021,5.394835 52.141031,5.394574 52.141197,5.394372 52.141329,5.393681 52.141831,5.393632 52.141844,5.393604 52.141895,5.392447 52.143007,5.391731 52.143704); 53; jam; 20170614163720; NULL; 20170614184424; 1049686563; NONE; 3.775; 495; 88; Arnhemseweg; Amersfoort; NL; 2; 3; NONE; ; Lorentzstraat;
1617282; LINESTRING(5.395429 52.140006,5.395038 52.140677,5.394989 52.140777,5.394965 52.140869,5.394964 52.140947,5.394963 52.141021,5.394835 52.141031,5.394574 52.141197,5.394372 52.141329,5.393681 52.141831,5.393632 52.141844,5.393604 52.141895,5.392447 52.143007,5.391731 52.143704); 53; jam; 20170614164157; NULL; 20170614184924; 1045039561; NONE; 3.841666666666667; 495; 85; Arnhemseweg; Amersfoort; NL; 2; 3; NONE; ; Lorentzstraat;
1640928; LINESTRING(5.391287 52.142921,5.391521 52.14267,5.392101 52.141991,5.392565 52.14142); 53; jam; 20170615104600; NULL; 20170615125423; 1127062014; NONE; 1.3972222222222221; 188; 110; Wolvenstraat; Amersfoort; NL; 1; 3; NONE; ; Bosweg;
1601878; LINESTRING(5.386777 52.143178,5.38706 52.143193,5.387135 52.143189,5.38721 52.143179,5.387267 52.143155,5.387304 52.143125,5.387739 52.14262,5.388253 52.14203); 53; jam; 20170614123519; NULL; 20170614144923; 1023586931; NONE; 1.3222222222222222; 176; 110; Fahrenheitstraat; Amersfoort; NL; 1; 4; NONE; ; Cartesiusstraat;
1546173; LINESTRING(5.397442 52.135321,5.395635 52.139653,5.395429 52.140006,5.395038 52.140677,5.394989 52.140777,5.394965 52.140869,5.394964 52.140947,5.394963 52.141021,5.394835 52.141031,5.394574 52.141197,5.394372 52.141329,5.393681 52.141831,5.393632 52.141844,5.393604 52.141895,5.392447 52.143007); 53; jam; 20170613063749; NULL; 20170613085425; 898385454; NONE; 4.186111111111111; 942; 153; Arnhemseweg; Amersfoort; NL; 2; 3; NONE; ; Lorentzstraat;
1567855; LINESTRING(5.395429 52.140006,5.395038 52.140677,5.394989 52.140777,5.394965 52.140869,5.394964 52.140947,5.394963 52.141021,5.394835 52.141031,5.394574 52.141197,5.394372 52.141329,5.393681 52.141831,5.393632 52.141844,5.393604 52.141895,5.392447 52.143007,5.391731 52.143704); 53; jam; 20170613144758; NULL; 20170613165924; 936910935; NONE; 4.022222222222222; 495; 80; Arnhemseweg; Amersfoort; NL; 2; 3; NONE; ; Lorentzstraat;
1569225; LINESTRING(5.395429 52.140006,5.395635 52.139653,5.397442 52.135321); 53; jam; 20170613150547; NULL; 20170613172426; 936327057; NONE; 2.4277777777777776; 539; 185; Arnhemseweg; Amersfoort; NL; 2; 4; NONE; ; N226 - Arnhemseweg;
1569640; LINESTRING(5.395429 52.140006,5.395038 52.140677,5.394989 52.140777,5.394965 52.140869,5.394964 52.140947,5.394963 52.141021,5.394835 52.141031,5.394574 52.141197,5.394372 52.141329,5.393681 52.141831,5.393632 52.141844,5.393604 52.141895,5.392447 52.143007,5.391731 52.143704); 53; jam; 20170613151228; NULL; 20170613171924; 938481342; NONE; 4.075; 495; 78; Arnhemseweg; Amersfoort; NL; 2; 3; NONE; ; Lorentzstraat;
1593106; LINESTRING(5.397442 52.135321,5.395635 52.139653,5.395429 52.140006,5.395038 52.140677,5.394989 52.140777,5.394965 52.140869,5.394964 52.140947,5.394963 52.141021,5.394835 52.141031,5.394574 52.141197,5.394372 52.141329,5.393681 52.141831,5.393632 52.141844); 53; jam; 20170614091833; NULL; 20170614112924; 1008340811; NONE; 4.791666666666667; 789; 105; Arnhemseweg; Amersfoort; NL; 2; 3; NONE; ; Bosweg;
1496924; LINESTRING(5.390993 52.140772,5.390292 52.140587,5.38965 52.140466,5.388954 52.140352,5.388313 52.140301,5.388172 52.140295,5.386029 52.140209,5.385467 52.140184,5.385316 52.14017,5.385122 52.140136,5.384933 52.140086,5.383863 52.139753,5.383262 52.139558,5.383054 52.139495,5.382844 52.13945); 53; jam; 20170611130134; NULL; 20170611151924; 754247952; NONE; 3.986111111111111; 586; 89; Bosweg; Amersfoort; NL; 2; 2; NONE; ; Jan van der Heijdenstraat;
1497800; LINESTRING(5.390993 52.140772,5.390292 52.140587,5.38965 52.140466,5.388954 52.140352,5.388313 52.140301,5.388172 52.140295,5.386029 52.140209,5.385467 52.140184,5.385316 52.14017,5.385122 52.140136,5.384933 52.140086,5.383863 52.139753,5.383262 52.139558,5.383054 52.139495,5.382844 52.13945); 53; jam; 20170611131649; NULL; 20170611153423; 753321869; NONE; 3.986111111111111; 586; 89; Bosweg; Amersfoort; NL; 2; 2; NONE; ; Jan van der Heijdenstraat;
1498558; LINESTRING(5.393632 52.141844,5.39358 52.141846,5.392565 52.14142,5.391921 52.141169,5.391732 52.141049,5.391656 52.141002,5.390993 52.140772,5.390292 52.140587,5.38965 52.140466,5.388954 52.140352,5.388313 52.140301,5.388172 52.140295,5.386029 52.140209,5.385467 52.140184,5.385316 52.14017,5.385122 52.140136,5.384933 52.140086,5.383863 52.139753,5.383262 52.139558,5.383054 52.139495,5.382844 52.13945); 53; jam; 20170611133315; NULL; 20170611154923; 755232998; NONE; 4.469444444444444; 804; 96; Bosweg; Amersfoort; NL; 2; 2; NONE; ; Jan van der Heijdenstraat;
1499271; LINESTRING(5.393632 52.141844,5.39358 52.141846,5.392565 52.14142,5.391921 52.141169,5.391732 52.141049,5.391656 52.141002,5.390993 52.140772,5.390292 52.140587,5.38965 52.140466,5.388954 52.140352,5.388313 52.140301,5.388172 52.140295,5.386029 52.140209,5.385467 52.140184,5.385316 52.14017,5.385122 52.140136,5.384933 52.140086,5.383863 52.139753,5.383262 52.139558,5.383054 52.139495,5.382844 52.13945); 53; jam; 20170611135000; NULL; 20170611160923; 754305260; NONE; 4.469444444444444; 804; 96; Bosweg; Amersfoort; NL; 2; 2; NONE; ; Jan van der Heijdenstraat;
1503792; LINESTRING(5.382844 52.13945,5.383054 52.139495,5.383262 52.139558,5.383863 52.139753,5.384933 52.140086,5.385122 52.140136,5.385316 52.14017,5.385467 52.140184,5.386029 52.140209,5.388172 52.140295,5.388313 52.140301,5.388954 52.140352,5.38965 52.140466,5.390292 52.140587,5.390993 52.140772); 53; jam; 20170611152848; NULL; 20170611174423; 757562801; NONE; 4.644444444444445; 586; 72; Bosweg; Amersfoort; NL; 2; 2; NONE; ; Arnhemseweg;
1505651; LINESTRING(5.388313 52.140301,5.388954 52.140352,5.38965 52.140466,5.390292 52.140587,5.390993 52.140772,5.391656 52.141002,5.391732 52.141049,5.391921 52.141169,5.392565 52.14142,5.39358 52.141846,5.393632 52.141844); 53; jam; 20170611163300; NULL; 20170611191923; 763785108; NONE; 3.1277777777777778; 410; 86; Bosweg; Amersfoort; NL; 2; 3; NONE; ; Arnhemseweg;
1491840; LINESTRING(5.392565 52.14142,5.391921 52.141169,5.391732 52.141049,5.391656 52.141002,5.390993 52.140772,5.390292 52.140587,5.38965 52.140466,5.388954 52.140352,5.388313 52.140301,5.388172 52.140295,5.386029 52.140209,5.385467 52.140184,5.385316 52.14017,5.385122 52.140136,5.384933 52.140086); 53; jam; 20170611114128; NULL; 20170611135925; 751501355; NONE; 3.5444444444444443; 556; 100; Bosweg; Amersfoort; NL; 2; 3; NONE; ; Jan van der Heijdenstraat;
1492949; LINESTRING(5.392565 52.14142,5.391921 52.141169,5.391732 52.141049,5.391656 52.141002,5.390993 52.140772,5.390292 52.140587,5.38965 52.140466,5.388954 52.140352,5.388313 52.140301,5.388172 52.140295,5.386029 52.140209,5.385467 52.140184,5.385316 52.14017,5.385122 52.140136,5.384933 52.140086); 53; jam; 20170611115753; NULL; 20170611141425; 749884679; NONE; 3.5444444444444443; 556; 100; Bosweg; Amersfoort; NL; 2; 3; NONE; ; Jan van der Heijdenstraat;
1494030; LINESTRING(5.392565 52.14142,5.391921 52.141169,5.391732 52.141049,5.391656 52.141002,5.390993 52.140772,5.390292 52.140587,5.38965 52.140466,5.388954 52.140352,5.388313 52.140301,5.388172 52.140295,5.386029 52.140209,5.385467 52.140184,5.385316 52.14017,5.385122 52.140136,5.384933 52.140086); 53; jam; 20170611121239; NULL; 20170611142924; 752744784; NONE; 3.5444444444444443; 556; 100; Bosweg; Amersfoort; NL; 2; 3; NONE; ; Jan van der Heijdenstraat;
1516770; LINESTRING(5.38965 52.140466,5.388455 52.141826); 53; jam; 20170611094830; NULL; 20170614074924; 745298022; NONE; 0; 172; -1; Fahrenheitstraat; Amersfoort; NL; 1; 5; NONE; 6447770e-016a-3a25-93eb-932e092b1b43; Cartesiusstraat;
1516771; LINESTRING(5.388455 52.141826,5.38965 52.140466); 53; jam; 20170611094830; NULL; 20170614074924; 744717966; NONE; 0; 172; -1; Fahrenheitstraat; Amersfoort; NL; 1; 5; NONE; 032b1bea-0cbc-3752-8f24-71b8890faa92; Bosweg;
1750871; LINESTRING(5.388455 52.141826,5.38965 52.140466); 53; jam; 20170614055610; NULL; NULL; 995300167; NONE; 0; 172; -1; Fahrenheitstraat; Amersfoort; NL; 1; 5; NONE; 032b1bea-0cbc-3752-8f24-71b8890faa92; ;
1750882; LINESTRING(5.38965 52.140466,5.388455 52.141826); 53; jam; 20170614055610; NULL; NULL; 998619453; NONE; 0; 172; -1; Fahrenheitstraat; Amersfoort; NL; 1; 5; NONE; 6447770e-016a-3a25-93eb-932e092b1b43; ;
1659958; LINESTRING(5.395429 52.140006,5.395635 52.139653,5.397442 52.135321); 53; jam; 20170615154757; NULL; 20170615180427; 1149098190; NONE; 2.4055555555555554; 539; 187; Arnhemseweg; Amersfoort; NL; 2; 4; NONE; ; N226 - Arnhemseweg;
1695059; LINESTRING(5.397442 52.135321,5.395635 52.139653,5.395429 52.140006,5.395038 52.140677,5.394989 52.140777,5.394965 52.140869,5.394964 52.140947,5.394963 52.141021,5.394835 52.141031,5.394574 52.141197,5.394372 52.141329,5.393681 52.141831,5.393632 52.141844); 53; jam; 20170616135324; NULL; 20170616161425; 1241885385; NONE; 5.2555555555555555; 789; 91; Arnhemseweg; Amersfoort; NL; 2; 2; NONE; ; Bosweg;
1695066; LINESTRING(5.394372 52.141329,5.394574 52.141197,5.394835 52.141031,5.394963 52.141021,5.394964 52.140947,5.394965 52.140869,5.394989 52.140777,5.395038 52.140677,5.395429 52.140006,5.395635 52.139653,5.397442 52.135321); 53; jam; 20170616135325; NULL; 20170616161425; 1240864488; NONE; 4.747222222222222; 712; 98; Arnhemseweg; Amersfoort; NL; 2; 3; NONE; ; N226 - Arnhemseweg;
1608235; LINESTRING(5.376428 52.145999,5.377822 52.145673,5.378839 52.145385,5.381431 52.144733); 53; jam; 20170614142734; NULL; 20170614165925; 1036496772; NONE; 2.875; 371; 88; Van Campenstraat; Amersfoort; NL; 2; 3; NONE; ; Leusderweg;
1666888; LINESTRING(5.378839 52.145385,5.381431 52.144733); 53; jam; 20170615181756; NULL; 20170615203425; 1163827264; NONE; 1.4027777777777777; 192; 115; Van Campenstraat; Amersfoort; NL; 2; 4; NONE; ; Leusderweg;
1667314; LINESTRING(5.378839 52.145385,5.381431 52.144733); 53; jam; 20170615183249; NULL; 20170615210425; 1166178233; NONE; 1.4027777777777777; 192; 115; Van Campenstraat; Amersfoort; NL; 2; 4; NONE; ; Leusderweg;
1544932; LINESTRING(5.374213 52.144137,5.374114 52.143828,5.373833 52.143018,5.373632 52.142448,5.373593 52.142338,5.373437 52.141877,5.373299 52.141462,5.373234 52.141361); 53; jam; 20170613062343; NULL; 20170613083424; 894606880; NONE; 2.1083333333333334; 316; 110; Van Marnixlaan; Amersfoort; NL; 1; 3; NONE; ; Hugo de Grootlaan;
1624400; LINESTRING(5.368273 52.145218,5.370598 52.146649,5.37223 52.147653,5.373869 52.148682); 53; jam; 20170614205132; NULL; 20170614233424; 1066690115; NONE; 3.6444444444444444; 543; 91; Utrechtseweg; Amersfoort; NL; 2; 2; NONE; ; Prins Frederiklaan;
1529540; LINESTRING(5.37223 52.147653,5.373281 52.147161,5.373416 52.147075,5.37354 52.146972,5.373681 52.146787,5.373764 52.146525,5.373829 52.146083); 53; jam; 20170612143717; NULL; 20170612164923; 835258551; NONE; 1.711111111111111; 219; 100; Bilderdijklaan; Amersfoort; NL; 1; 3; NONE; ; Vondellaan;
1490672; LINESTRING(5.378839 52.145385,5.381431 52.144733); 53; jam; 20170611112451; NULL; 20170611133423; 751808593; NONE; 1.5; 192; 106; Van Campenstraat; Amersfoort; NL; 2; 4; NONE; ; Leusderweg;
